IP,GUID,Fairshots
156.199.127.217,,
156.204.155.183,,
197.42.24.80,,
156.205.124.24,56b6c,"[(u'56b6c', u'pCSWORD', u'89.34.97.158:27015', u'1476625361', u'%60pC%2ASWORD.'), (u'56b6c', u'pCSWORD', u'89.34.97.158:27015', u'1476624529', u'%60pC%2ASWORD.'), (u'56b6c', u'pCSWORD', u'89.34.97.158:27015', u'1476624280', u'%60pC%2ASWORD.'), (u'56b6c', u'pCSWORD', u'89.34.97.158:27015', u'1476624089', u'%60pC%2ASWORD.'), (u'56b6c', u'pCSWORD', u'89.34.97.158:27015', u'1476269167', u'%60pC%2ASWORD.'), (u'56b6c', u'pCSWORD', u'89.34.97.158:27015', u'1476268618', u'%60pC%2ASWORD.')]"
177.228.89.7,,
41.233.226.173,,
41.45.99.193,,
114.77.32.129,f1e63,[]
185.17.205.157,,
156.205.58.28,,
79.188.199.125,bb685,"[(u'bb685', u'seta', u'79.137.85.74:20105', u'1492625453', u'seta'), (u'bb685', u'seta', u'79.137.85.74:20105', u'1492625301', u'seta'), (u'bb685', u'rem', u'79.137.85.74:20105', u'1491512416', u'rem'), (u'bb685', u'pokemon', u'79.137.85.74:20105', u'1490392828', u'pokemon'), (u'bb685', u'MRCHeeF', u'79.137.85.74:20105', u'1490288058', u'MR.CHeeF'), (u'bb685', u'MRCHeeF', u'79.137.85.74:20105', u'1490221389', u'MR.CHeeF')]"
41.35.81.250,c3431,"[(u'c3431', u'Bloodless', u'213.163.68.175:20100', u'1426454438', u'Bloodless'), (u'c3431', u'Copa', u'213.163.68.175:20100', u'1425816836', u'Copa'), (u'c3431', u'Copa', u'213.163.68.175:20100', u'1425816696', u'Copa'), (u'c3431', u'Copa', u'84.44.138.37:20100', u'1425511622', u'Copa')]"
156.199.129.91,,
37.157.97.73,,
156.204.106.251,,
156.205.132.108,,
156.205.62.66,,
89.132.34.224,,
197.32.1.154,,
156.204.74.167,,
82.238.156.233,6161d,"[(u'6161d', u'vivi', u'79.137.85.74:20100', u'1499008606', u'vivi'), (u'6161d', u'vivi', u'79.137.85.74:20100', u'1498903319', u'vivi'), (u'6161d', u'vivi', u'79.137.85.74:20100', u'1498903022', u'vivi'), (u'6161d', u'Vvivi', u'185.34.216.28:20101', u'1446049368', u'%5BV%5D+vivi'), (u'6161d', u'Vvivi', u'185.34.216.28:20101', u'1446049208', u'%5BV%5D+vivi')]"
41.232.243.226,,
45.241.149.205,470df,[]
86.29.84.192,,
41.41.112.50,,
41.47.166.169,,
85.157.23.46,00a98,"[(u'00a98', u'HaTeDtexxy', u'51.254.35.64:20111', u'1499596921', u'HaTeD+%23+texxy'), (u'00a98', u'HaTeD1v9uknow', u'79.137.85.74:20105', u'1490469186', u'HaTeD+%23+1v9uknow')]"
41.46.234.143,,
187.198.55.70,,
86.87.212.63,19bb6,"[(u'19bb6', u'cLgUnnamedPlayer', u'51.254.35.64:20111', u'1499799000', u'.cLg+%23+UnnamedPlayer'), (u'19bb6', u'oIVIRavL', u'213.32.85.92:20100', u'1499778075', u'oIVI+Ra+%7E+v%2A%10%2A+%7EL'), (u'19bb6', u'oIVIRavL', u'78.47.64.168:20105', u'1497625795', u'oIVI+Ra+%7E+v%2A%10%2A+%7EL'), (u'19bb6', u'oIVIRavL', u'78.47.64.168:20105', u'1497625594', u'oIVI+Ra+%7E+v%2A%10%2A+%7EL'), (u'19bb6', u'RtDteemo', u'78.47.64.168:20104', u'1495488863', u'RtD+%2F%2F%2F+teemo'), (u'19bb6', u'oIVIRavL', u'0.0.0.0:20100', u'1495376026', u'oIVI+Ra+%7E+v%2A%10%2A+%7EL')]"
41.130.134.19,,
77.250.26.3,8186c,"[(u'8186c', u'1fxJoost', u'89.34.97.158:27015', u'1465825614', u'1fx.+%23+Joost'), (u'8186c', u'1fxJoost', u'213.163.68.175:20100', u'1449933723', u'1fx.+%23+Joost')]"
156.205.146.40,,
191.102.84.30,f6ea3,"[(u'f6ea3', u'SyNc', u'51.254.35.64:20111', u'1497910113', u'--SyNc--'), (u'f6ea3', u'SyNc', u'51.254.35.64:20111', u'1497909704', u'--SyNc--'), (u'f6ea3', u'SyNc', u'51.254.35.64:20102', u'1497909199', u'--SyNc--'), (u'f6ea3', u'SCPapa', u'79.137.85.74:20105', u'1488472543', u'%5BSC%5DPapa%21'), (u'f6ea3', u'NsSHyde', u'51.254.35.64:20102', u'1488382107', u'%60NsS+%2F%23%2F+Hyde%2A')]"
188.205.204.25,,
41.237.31.51,,
47.11.10.129,4db03,"[(u'4db03', u'wbgHERO', u'52.57.90.19:20100', u'1495121132', u'wbg+-+HERO'), (u'4db03', u'wbgHERO', u'149.202.63.22:20100', u'1474042698', u'wbg+-+HERO%2A'), (u'4db03', u'wbgHash', u'149.202.63.22:20100', u'1470342564', u'wbg+-+Hash'), (u'4db03', u'SOF2HERO', u'31.186.251.200:20100', u'1467120012', u'%5BSOF2%5DHERO')]"
86.115.39.162,c6b94,"[(u'c6b94', u'SrAare', u'79.137.85.74:20105', u'1492016871', u'S%21r%01Aare%01'), (u'c6b94', u'SrAare', u'79.137.85.74:20105', u'1491326965', u'S%21r%01Aare%01'), (u'c6b94', u'BgMn', u'51.254.35.64:20111', u'1491149238', u'B%01gM%40n'), (u'c6b94', u'BgMn', u'51.254.35.64:20111', u'1491148765', u'B%01gM%40n'), (u'c6b94', u'BgMn', u'51.254.35.64:20109', u'1491127794', u'B%01gM%40n'), (u'c6b94', u'SrAare', u'31.204.136.28:20100', u'1490010711', u'S%21r%01Aare%01')]"
156.205.172.76,,
182.48.196.5,,
188.218.141.217,3aafa,[]
197.167.31.10,,
156.205.122.112,,
45.98.82.140,,
41.47.210.225,,
156.205.56.245,f0ad9,[]
212.193.78.231,,
41.45.13.42,,
190.167.66.57,ce3f7,[]
156.205.151.65,,
31.168.94.219,833df,"[(u'833df', u'SoDpit', u'51.254.35.64:20111', u'1499803841', u'%7E%2ASoD%23pit%2A'), (u'833df', u'WBGPit', u'79.137.85.74:20105', u'1489171794', u'-%7CWBG%7C-+Pit'), (u'833df', u'pit', u'31.204.154.254:20100', u'1485274659', u'pit'), (u'833df', u'pit', u'213.163.68.175:20100', u'1478181445', u'pit'), (u'833df', u'sezepit', u'51.254.35.64:20109', u'1477930278', u'se%21ze%60pit'), (u'833df', u'pit', u'213.163.68.175:20100', u'1477917892', u'pit')]"
197.46.242.73,,
197.43.74.122,296fd,"[(u'296fd', u'1AnswertAAta', u'31.204.136.28:20100', u'1499536613', u'1Answer+tAAta'), (u'296fd', u'1AnswertAAta', u'31.204.136.28:20100', u'1499536476', u'1Answer+tAAta')]"
188.82.50.232,,
197.161.52.232,,
83.31.147.75,,
156.204.41.79,,
81.99.232.18,4d166,[]
41.237.55.131,,
156.198.194.214,,
41.45.250.138,,
5.133.27.5,,
41.237.56.45,,
217.229.95.137,4753e,"[(u'4753e', u'Painless', u'51.255.200.51:20104', u'1499815146', u'Painless'), (u'4753e', u'Painless', u'149.202.63.22:20104', u'1483795225', u'Painless'), (u'4753e', u'Painless', u'188.165.252.147:20240', u'1464626015', u'Painless')]"
83.176.11.45,5821e,[]
196.154.36.219,,
213.195.215.190,,
77.163.248.247,8f647,"[(u'8f647', u'Zephyrus', u'79.137.85.74:20105', u'1494266807', u'Zephyrus')]"
41.209.111.129,,
156.199.29.169,,
85.67.112.111,f07af,"[(u'f07af', u'WBGJormung', u'149.202.63.22:20101', u'1484241952', u'-%7CWBG%7C-+Jormung')]"
156.205.114.211,,
156.218.74.101,,
156.204.28.115,,
156.204.147.3,,
190.167.153.25,,
106.70.111.214,,
41.237.15.208,,
80.217.32.169,,
84.31.109.57,,
95.178.142.46,99ea8,"[(u'99ea8', u'cscalvin', u'185.61.138.136:20100', u'1499528474', u'-%2Fcs%2F-+calvin'), (u'99ea8', u'cant', u'51.254.35.64:20109', u'1492687325', u'cant%14'), (u'99ea8', u'cant', u'51.254.35.64:20109', u'1491127009', u'cant%14'), (u'99ea8', u'NsScant', u'31.204.154.254:20100', u'1484841020', u'%60NsS+%2F%23%2F+cant%2A'), (u'99ea8', u'NsScant', u'31.204.154.254:20100', u'1484840788', u'%60NsS+%2F%23%2F+cant%2A'), (u'99ea8', u'cant', u'51.254.35.64:20111', u'1483106973', u'cant')]"
156.205.103.63,,
156.204.169.128,,
219.89.158.57,a89d2,[]
45.243.25.15,,
156.199.97.2,,
31.41.177.218,1f44e,"[(u'1f44e', u'oIVIKamL', u'51.254.35.64:20111', u'1499798785', u'oIVI+Ka+%7E+m%2A%01%2A+%7EL'), (u'1f44e', u'oMKamil', u'79.137.85.74:20109', u'1492980960', u'---oM%01Kamil---'), (u'1f44e', u'oMKamil', u'37.59.160.132:20102', u'1492796199', u'---oM%01Kamil---'), (u'1f44e', u'oMKamil', u'31.204.136.28:20100', u'1491675960', u'oM.Kamil')]"
156.205.180.29,,
94.69.8.187,7fa52,[]
80.212.240.112,ee4e0,"[(u'ee4e0', u'SoDcombatL', u'213.163.78.139:20100', u'1495384336', u'%7E%2ASoD%23combat%2AL'), (u'ee4e0', u'SoDcombatL', u'213.163.78.139:20100', u'1495127763', u'%7E%2ASoD%23combat%2AL'), (u'ee4e0', u'SoDcombatL', u'37.59.160.132:20100', u'1493739679', u'%7E%2ASoD%23combat%2AL')]"
89.185.244.25,,
77.165.82.187,7eaaa,"[(u'7eaaa', u'Hellblazer', u'51.254.35.64:20109', u'1491134245', u'%5B%2B%5D+Hellblazer%60'), (u'7eaaa', u'Hellblazer', u'51.254.35.64:20109', u'1491133778', u'%5B%2B%5D+Hellblazer%60'), (u'7eaaa', u'Hellblazer', u'52.56.120.240:20100', u'1486243229', u'%5B%2B%5D+H+e+l+l+b+l+a+z+e+r%60')]"
39.42.124.125,,
148.101.87.196,,
187.151.160.240,,
156.205.223.119,,
197.161.44.102,,
156.205.148.145,,
197.133.194.31,,
197.164.182.146,,
99.236.66.58,e97b8,[]
2.127.120.94,1eea6,[]
156.205.138.69,,
156.204.161.180,,
197.46.50.90,,
156.204.251.151,,
156.204.218.192,3561b,[]
79.181.102.200,,
173.62.67.22,,
197.48.200.85,,
177.228.71.49,,
213.243.167.145,648e5,"[(u'648e5', u'vmnleijona', u'79.137.85.74:20105', u'1497889658', u'%7Evmn%7E+leijona'), (u'648e5', u'rAtexassexranger', u'79.137.85.74:20105', u'1497136953', u'rA.texassexranger'), (u'648e5', u'rAtexassexranger', u'79.137.85.74:20105', u'1497136762', u'rA.texassexranger'), (u'648e5', u'HaTeDproplayer69', u'78.47.64.168:20102', u'1496412906', u'HaTeD+%23+proplayer69'), (u'648e5', u'hsslaurizio', u'31.204.136.28:20100', u'1495547068', u'hsslaurizio'), (u'648e5', u'1fxlatex', u'154.16.57.134:20100', u'1495038550', u'1fx.+%23+latex')]"
197.161.61.199,,
82.169.218.115,,
197.162.125.23,,
191.102.114.166,39578,"[(u'39578', u'TobY', u'185.62.39.169:20100', u'1499005620', u'TobY%2A'), (u'39578', u'TobY', u'185.61.138.136:20102', u'1498846374', u'TobY%2A'), (u'39578', u'TobY', u'185.61.138.136:20102', u'1498846118', u'TobY%2A'), (u'39578', u'sRTob', u'51.254.35.64:20109', u'1494029822', u'-%3Ds%7CR%2ATob%07%60'), (u'39578', u'sRDanilO', u'188.226.137.15:20100', u'1492277481', u'-%3Ds%7CR+%23%2ADanilO%1D%1E'), (u'39578', u'sRTob', u'79.137.85.74:20105', u'1486314559', u'-%3Ds%7CR%60%2ATob%01%2A')]"
90.55.233.62,,
178.203.234.79,ee5de,[]
91.127.216.20,,
37.33.21.16,,
156.205.61.51,,
156.205.106.57,,
85.76.54.82,e822c,"[(u'e822c', u'volatileluisu', u'188.226.137.15:20101', u'1490541494', u'volatile+%23+luisu'), (u'e822c', u'volatileluisuKIPPARI', u'149.202.63.22:20106', u'1486159771', u'volatile+%23+luisu+%26lt%3BKIPPARI%26gt%3B'), (u'e822c', u'volatileluisuPERAMIES', u'149.202.63.22:20102', u'1483909359', u'volatile+%23+luisu+%26lt%3BPERAMIES%26gt%3B'), (u'e822c', u'volatileluisuPERAMIES', u'31.186.251.200:20100', u'1483740870', u'volatile+%23+luisu+%26lt%3BPERAMIES%26gt%3B'), (u'e822c', u'volatileluisu', u'31.186.251.200:20100', u'1482429351', u'volatile+%23+luisu'), (u'e822c', u'volatileluisu', u'151.236.49.106:20100', u'1480362600', u'volatile+%23+luisu')]"
200.28.34.59,,
156.198.235.224,,
79.68.75.105,,
156.205.78.194,,
156.204.170.177,,
86.84.94.28,9d2c6,"[(u'9d2c6', u'zymesone', u'31.204.136.28:20100', u'1492248830', u'zymes.one'), (u'9d2c6', u'zymesone', u'79.137.85.74:20105', u'1491860361', u'zymes.one'), (u'9d2c6', u'cLgOne', u'31.204.136.28:20100', u'1489528346', u'.cLg+%23+One'), (u'9d2c6', u'zymesone', u'51.254.35.64:20111', u'1489417646', u'zymes.one'), (u'9d2c6', u'zymesone', u'51.254.35.64:20102', u'1489417491', u'zymes.one'), (u'9d2c6', u'zymesone', u'79.137.85.74:20105', u'1489244249', u'zymes.one')]"
81.206.44.86,6fd02,"[(u'6fd02', u'cLgzro', u'51.254.35.64:20111', u'1498161534', u'.cLg+%23+zro'), (u'6fd02', u'K1CKZeR', u'51.255.200.51:20104', u'1497797282', u'-K1CK-+%04ZeR%10%60'), (u'6fd02', u'GAzRo', u'78.47.64.168:20101', u'1495985352', u'-G%7CA-%2AzRo'), (u'6fd02', u'zymesAMGS', u'51.254.35.64:20102', u'1495207307', u'zymes.AMG%2F%2FS'), (u'6fd02', u'4XDUURDER', u'79.137.85.74:20105', u'1494084385', u'4X+DUURDER'), (u'6fd02', u'cocainedansljeans', u'51.254.35.64:20111', u'1493721776', u'co-caine+dans+l%27jeans')]"
156.205.241.25,,
86.8.23.33,,
41.237.42.56,,
45.99.143.30,,
156.205.173.253,3561b,[]
156.204.182.137,5c770,"[(u'5c770', u'sIRZaToNa', u'31.186.250.93:20150', u'1495277677', u'%7E%26gt%3BsIR+%5BZaToNa%5D%08'), (u'5c770', u'ZaToNa', u'31.186.250.93:20150', u'1486382903', u'ZaToNa%2A'), (u'5c770', u'ZaToNa', u'31.186.250.93:20150', u'1486382651', u'ZaToNa%2A'), (u'5c770', u'ZaToNa', u'31.186.250.93:20150', u'1485799907', u'ZaToNa%2A'), (u'5c770', u'NiceShot', u'31.186.250.93:20150', u'1483730977', u'Nice+Shot%60'), (u'5c770', u'NiceShot', u'31.186.250.93:20150', u'1483730470', u'Nice+Shot%60')]"
156.204.16.93,,
156.205.174.201,,
156.204.120.64,2cf22,"[(u'2cf22', u'Professional', u'79.137.85.74:20105', u'1498125367', u'Professional'), (u'2cf22', u'Professional', u'78.47.64.168:20105', u'1497914774', u'Professional'), (u'2cf22', u'Professional', u'78.47.64.168:20105', u'1497914589', u'Professional'), (u'2cf22', u'Professional', u'51.254.35.64:20111', u'1495470239', u'Professional')]"
156.205.14.108,,
189.138.146.188,,
156.204.85.29,,
77.199.202.216,f6c69,"[(u'f6c69', u'keita', u'51.254.35.64:20109', u'1481827901', u'-%5D%5B-+keita%60'), (u'f6c69', u'wbgkeita', u'31.186.251.200:20100', u'1478384425', u'wbg-+keita'), (u'f6c69', u'K1CKkeita', u'51.254.35.64:20109', u'1475411869', u'-K1CK-+keita%60'), (u'f6c69', u'K1CKkeita', u'51.254.35.64:20109', u'1475411187', u'-K1CK-+keita%60'), (u'f6c69', u'K1CKkeita', u'31.186.251.200:20100', u'1475344720', u'-K1CK-+keita%60'), (u'f6c69', u'K1CKkeita', u'195.154.111.165:20101', u'1453767716', u'-K1CK-+keita%60')]"
156.204.214.245,,
156.205.124.39,,
41.237.22.169,,
156.199.127.250,,
81.227.23.227,6bcf5,[]
62.114.186.135,,
197.161.47.191,,
156.204.27.155,f94b1,"[(u'f94b1', u'SeriOus', u'78.47.64.168:20101', u'1498918342', u'SeriOus')]"
196.135.49.4,,
156.205.209.8,,
41.237.2.22,,
156.204.59.80,,
45.243.62.131,,
85.23.247.207,e2c2a,"[(u'e2c2a', u'HsSturris', u'31.204.136.28:20100', u'1491380745', u'-%7CHsS%7C-+%01turris%01'), (u'e2c2a', u'HsSturris', u'128.199.50.188:20100', u'1486227543', u'-%7CHsS%7C-+%7Cturris%7C%60'), (u'e2c2a', u'sirRuT', u'51.254.35.64:20111', u'1485265503', u'sir_RuT'), (u'e2c2a', u'SpeceR', u'31.186.250.93:20160', u'1467801414', u'%01Spec%17eR%01'), (u'e2c2a', u'HsSturris', u'84.80.170.166:20101', u'1461264864', u'-%7CHsS%7C-+%01turris%01'), (u'e2c2a', u'HsSturris', u'213.163.68.175:20100', u'1443345154', u'-%7CHsS%7C-+%01turris%01')]"
156.204.154.147,,
41.69.112.21,,
31.168.84.237,c7e43,"[(u'c7e43', u'SOF2bars', u'213.163.68.175:20100', u'1435250499', u'%5BSOF2%5D+bars'), (u'c7e43', u'bars', u'213.163.68.175:20100', u'1430157316', u'bars'), (u'c7e43', u'bars', u'213.163.68.175:20100', u'1430156579', u'bars'), (u'c7e43', u'bars', u'213.163.68.175:20100', u'1429032820', u'bars'), (u'c7e43', u'SoAMakTa', u'84.44.138.37:20100', u'1428244057', u'%60SoA+Mak%21Ta'), (u'c7e43', u'bars', u'213.163.68.175:20100', u'1426259444', u'bars')]"
45.242.65.145,,
156.205.123.42,,
77.173.227.76,,
156.205.243.141,,
156.205.118.138,,
62.250.95.160,8048b,"[(u'8048b', u'peligroso', u'51.255.200.51:20104', u'1499815162', u'%5B%2B%5D+peligroso%2A'), (u'8048b', u'peligroso', u'188.226.137.15:20102', u'1493160768', u'%5B%2B%5D+peligroso%2A'), (u'8048b', u'peligroso', u'188.226.137.15:20102', u'1493160157', u'%5B%2B%5D+peligroso%2A'), (u'8048b', u'peligroso', u'51.254.35.64:20102', u'1488747584', u'%5B%2B%5D+peligroso%2A'), (u'8048b', u'peligroso', u'51.254.35.64:20102', u'1488579338', u'%5B%2B%5D+peligroso%2A'), (u'8048b', u'peligroso', u'51.254.35.64:20102', u'1487371650', u'%5B%2B%5D+peligroso%2A')]"
41.46.226.226,5240d,"[(u'5240d', u'mRsAbdoo', u'79.137.85.74:20105', u'1486572950', u'%60m%5BR%5Ds+%23Abdo%10o%02'), (u'5240d', u'mrsAbdoOo', u'52.56.120.240:20100', u'1486131084', u'%60m%5Br%5Ds+%23AbdoOo%02'), (u'5240d', u'mrsAbdoOo', u'52.56.120.240:20100', u'1486130100', u'%60m%5Br%5Ds+%23AbdoOo%02'), (u'5240d', u'mRsAbdoOo', u'37.59.160.132:20101', u'1486070087', u'%60m%5BR%5Ds+%23AbdoOo%02'), (u'5240d', u'mRsAbdoOo', u'37.59.160.132:20101', u'1486069880', u'%60m%5BR%5Ds+%23AbdoOo%02')]"
156.205.29.30,,
156.205.39.255,,
93.190.138.112,cef58,"[(u'cef58', u'AsskL', u'195.154.111.165:20101', u'1426728409', u'A%2As+skL'), (u'cef58', u'AsskL', u'195.154.111.165:20101', u'1426726141', u'A%2As+skL'), (u'cef58', u'AsskL', u'185.43.210.55:20100', u'1426723629', u'A%2As+skL'), (u'cef58', u'S4Abmb', u'195.154.111.165:20101', u'1426554766', u'%26gt%3B%07S4A%07%26lt%3B+b%02mb'), (u'cef58', u'S4Abmb', u'195.154.111.165:20101', u'1426554309', u'%26gt%3B%07S4A%07%26lt%3B+b%02mb'), (u'cef58', u'S4Abmb', u'195.154.111.165:20101', u'1426553571', u'%26gt%3B%07S4A%07%26lt%3B+b%02mb')]"
156.204.4.27,,
77.163.164.233,,
156.204.48.35,43b6e,"[(u'43b6e', u'ReMiXe', u'79.137.85.74:20100', u'1496788327', u'.ReMiXe+.%21%21'), (u'43b6e', u'ReMiXe', u'188.226.137.15:20103', u'1492764955', u'.ReMiXe+.%21%21')]"
82.154.67.165,,
62.163.203.151,,
70.124.51.60,,
87.213.22.9,833ea,"[(u'833ea', u'cLgcornaflex', u'51.255.200.51:20104', u'1499815130', u'cLg+%23+cornaflex.'), (u'833ea', u'WBGELCHAPO', u'185.61.138.136:20102', u'1499777333', u'-%7CWBG%7C-+EL%2ACHAPO'), (u'833ea', u'cLgcornatr0n', u'213.163.78.139:20100', u'1499691396', u'.cLg+%23+cornatr0n%60'), (u'833ea', u'cLgcornatr0n', u'213.163.78.139:20100', u'1499691191', u'.cLg+%23+cornatr0n%60'), (u'833ea', u'cLgcornatr0n', u'213.163.78.139:20100', u'1499690592', u'.cLg+%23+cornatr0n%60')]"
156.204.232.204,b0395,[]
156.204.205.184,,
170.82.211.121,f34b9,"[(u'f34b9', u'SCCraver', u'79.137.85.74:20105', u'1497048664', u'%5BSC%5DCraver'), (u'f34b9', u'SCCraver', u'79.137.85.74:20105', u'1495576876', u'%5BSC%5DCraver'), (u'f34b9', u'SCCraver', u'80.57.88.240:20100', u'1488582255', u'%5BSC%5DCraver%21')]"
90.190.82.177,3a5dc,"[(u'3a5dc', u'FisherQ', u'162.244.55.44:20210', u'1496959182', u'%26lt%3B%26gt%3B%26lt%3BFisher%3AQ%26gt%3B%26lt%3B%26gt%3B')]"
156.205.126.129,,
156.205.195.252,,
156.204.140.249,43b6e,"[(u'43b6e', u'ReMiXe', u'79.137.85.74:20100', u'1496788327', u'.ReMiXe+.%21%21'), (u'43b6e', u'ReMiXe', u'188.226.137.15:20103', u'1492764955', u'.ReMiXe+.%21%21')]"
84.106.178.74,fbd6f,"[(u'fbd6f', u'cLgV1BE', u'51.254.35.64:20111', u'1489255515', u'.cLg+%23+V1BE%60'), (u'fbd6f', u'cLgV1BE', u'79.137.85.74:20105', u'1489251594', u'.cLg+%23+V1BE%60'), (u'fbd6f', u'fGRV1BE', u'51.254.35.64:20111', u'1489069525', u'%5BfGR%5D+V1BE%27'), (u'fbd6f', u'xnxxv1be', u'51.254.35.64:20111', u'1489068953', u'xnxx.v1be'), (u'fbd6f', u'xnxxv1be', u'51.254.35.64:20111', u'1489068754', u'xnxx.v1be'), (u'fbd6f', u'xnxxv1be', u'51.254.35.64:20111', u'1489068260', u'xnxx.v1be')]"
83.130.84.30,,
156.204.201.147,,
156.205.3.24,,
197.133.104.219,,
156.205.29.44,,
77.139.12.71,,
156.204.40.12,,
189.203.149.113,c7df5,[]
77.167.227.118,ee940,[]
156.204.85.221,,
156.204.78.124,,
41.68.71.202,,
84.87.148.10,4dff2,"[(u'4dff2', u'oMBeast', u'51.255.200.51:20104', u'1499815125', u'---oM%60Beast---'), (u'4dff2', u'HsSS', u'78.47.64.168:20102', u'1496947431', u'-%7CHsS%7C-+%23%7CS%7C%23'), (u'4dff2', u'HsSS', u'78.47.64.168:20102', u'1496947217', u'-%7CHsS%7C-+%23%7CS%7C%23'), (u'4dff2', u'HsSS', u'51.254.35.64:20111', u'1495920973', u'-%7CHsS%7C-+%23%7CS%7C%23'), (u'4dff2', u'HsSSaints', u'91.198.152.92:20100', u'1492202288', u'-%7CHsS%7C-+Saints%2B'), (u'4dff2', u'HsSSaints', u'79.137.85.74:20101', u'1490908223', u'-%7CHsS%7C-+Saints%2B')]"
84.44.139.1,94034,"[(u'94034', u'SoDtml', u'51.254.35.64:20111', u'1497547116', u'%7E%2ASoD%23tml%2A'), (u'94034', u'SoDtml', u'213.163.78.139:20100', u'1496169164', u'%7E%2ASoD%23tml%2A'), (u'94034', u'SoDtml', u'51.254.35.64:20111', u'1495466609', u'%7E%2ASoD%23tml%2A'), (u'94034', u'cLgtml', u'51.254.35.64:20111', u'1495123414', u'.cLg+%23+tml'), (u'94034', u'cLgtml', u'52.57.90.19:20100', u'1495121968', u'.cLg+%23+tml'), (u'94034', u'cLgtml', u'52.57.90.19:20100', u'1495121167', u'.cLg+%23+tml')]"
2.152.100.90,,
37.248.60.250,ef77f,"[(u'ef77f', u'CreatoR', u'51.254.35.64:20102', u'1493483507', u'%7E%26gt%3BCreatoR%27'), (u'ef77f', u'CreatoR', u'37.59.160.132:20102', u'1493474401', u'%7E%26gt%3BCreatoR%27'), (u'ef77f', u'GiteK', u'31.204.136.28:20100', u'1492860675', u'%7E%2AGiteK%2A%7E'), (u'ef77f', u'gitek', u'188.226.137.15:20103', u'1490440129', u'gitek'), (u'ef77f', u'GITEK', u'51.254.35.64:20111', u'1489615301', u'GITEK'), (u'ef77f', u'GITEk', u'31.186.250.93:20150', u'1481631680', u'GITEk.')]"
156.204.172.106,,
197.48.218.179,80a73,"[(u'80a73', u'GAGenius', u'78.47.64.168:20101', u'1497117265', u'-G%7CA-%2AGenius%21'), (u'80a73', u'GAGenius', u'78.47.64.168:20101', u'1496589860', u'-G%7CA-%2AGenius%21')]"
41.237.21.86,,
156.205.221.254,,
197.166.136.134,,
41.237.7.169,,
90.103.20.124,,
156.204.187.209,,
88.159.112.94,64866,[]
156.205.114.159,,
197.161.127.118,,
87.88.111.87,,
79.179.160.243,dd4c3,"[(u'dd4c3', u'K1CKShaev', u'51.254.35.64:20109', u'1492721544', u'-K1CK-+Sha%7Cev%60'), (u'dd4c3', u'K1CKShaev', u'79.137.85.74:20105', u'1492383613', u'-K1CK-+Sha%7Cev%60')]"
156.204.255.131,,
177.228.80.231,,
197.42.136.135,,
156.204.152.206,,
217.55.32.138,,
156.205.220.67,,
197.164.175.50,,
80.112.185.96,79ee7,"[(u'79ee7', u'rqfatson', u'79.137.85.74:20100', u'1489172481', u'rq%2Afatso+%3An'), (u'79ee7', u'rqfatson', u'79.137.85.74:20105', u'1487534047', u'rq%2Afatso+%3An'), (u'79ee7', u'rqfatson', u'89.34.97.158:27015', u'1466363582', u'rq%2Afatso+%3An'), (u'79ee7', u'rqfatson', u'213.163.68.175:20100', u'1461348671', u'rq%2Afatso+%3An')]"
156.205.147.238,,
156.199.160.214,,
89.212.226.253,4f00f,"[(u'4f00f', u'BTPileeL', u'89.212.226.253:20100', u'1499785631', u'%60%2C%23BT%60Pilee%60L')]"
190.213.118.125,,
156.204.48.72,,
213.127.59.93,,
94.209.22.125,db9cf,"[(u'db9cf', u'sologaming', u'51.255.200.51:20104', u'1499815117', u'%5B%2B%5D+sologaming'), (u'db9cf', u'sologaming', u'51.255.200.51:20104', u'1499799219', u'%5B%2B%5D+sologaming'), (u'db9cf', u'sologaming', u'51.255.200.51:20104', u'1498690761', u'%5B%2B%5D+sologaming'), (u'db9cf', u'sologaming', u'51.255.200.51:20104', u'1498690607', u'%5B%2B%5D+sologaming'), (u'db9cf', u'zaidy', u'51.255.200.51:20104', u'1498170238', u'%5B%2B%5D+zaidy'), (u'db9cf', u'zaidy', u'51.254.35.64:20109', u'1497651494', u'%5B%2B%5D+zaidy')]"
156.205.98.55,80560,[]
196.135.17.10,,
104.221.90.35,6b240,"[(u'6b240', u'ccMadumgT', u'81.169.239.59:20100', u'1486244780', u'%5Bcc%5D+Madum.gT')]"
41.68.71.39,,
156.205.137.88,,
37.47.53.6,,
201.217.212.178,9b1ca,[]
41.35.31.246,,
197.162.105.159,,
217.113.235.27,523b5,[]
156.204.156.139,,
156.198.230.151,,
94.209.179.13,54ad4,"[(u'54ad4', u'HaTeDvertex', u'51.255.200.51:20104', u'1499815169', u'HaTeD+%23+vertex'), (u'54ad4', u'SoDvertex', u'51.254.35.64:20111', u'1499795541', u'%7E%2ASoD%23vertex%2A'), (u'54ad4', u'SoDvertex', u'51.254.35.64:20111', u'1499795234', u'%7E%2ASoD%23vertex%2A'), (u'54ad4', u'Gsvertex', u'78.47.64.168:20101', u'1499729046', u'.Gs%7Cvertex'), (u'54ad4', u'Gsvertex', u'78.47.64.168:20101', u'1499728896', u'.Gs%7Cvertex'), (u'54ad4', u'Gsvertex', u'78.47.64.168:20101', u'1499728662', u'.Gs%7Cvertex')]"
41.237.54.163,,
197.48.98.163,38014,"[(u'38014', u'GsOmar', u'78.47.64.168:20101', u'1499801372', u'.Gs%7COmar%60'), (u'38014', u'NsSRicon', u'185.62.39.169:20100', u'1499716427', u'%60NsS+%2F%23%2F+Ricon%2A'), (u'38014', u'GsTwixx', u'78.47.64.168:20101', u'1499518293', u'.Gs%7CTwixx%60'), (u'38014', u'cSPL4CE', u'78.47.64.168:20104', u'1498750873', u'-%2FcS%2F-+P%02L4CE%60'), (u'38014', u'GAArdastar', u'78.47.64.168:20101', u'1497117228', u'.GA%7CArdastar'), (u'38014', u'GAluizito', u'78.47.64.168:20101', u'1496798762', u'-G%7CA-%60luizito%7E')]"
197.164.114.245,e88ba,[]
92.209.136.13,,
156.205.198.149,,
41.68.128.95,,
41.69.213.126,,
156.199.106.173,,
156.204.42.50,,
190.249.233.218,8af82,"[(u'8af82', u'Alex', u'79.137.85.74:20105', u'1497114078', u'Alex')]"
41.47.152.189,,
212.149.196.218,6ab16,[]
156.199.104.230,,
156.204.231.178,,
89.143.254.135,,
189.197.113.34,,
156.204.120.103,,
37.136.97.208,065c1,"[(u'065c1', u'HaTeDkokki', u'52.57.90.19:20100', u'1499627584', u'HaTeD+%23+kokki'), (u'065c1', u'HaTeDkokki', u'51.254.35.64:20111', u'1499535168', u'HaTeD+%23+kokki'), (u'065c1', u'HaTeDkokki', u'31.186.250.93:20150', u'1482613418', u'HaTeD+%23+kokki'), (u'065c1', u'HaTeDkokki', u'31.186.250.93:20150', u'1480954578', u'HaTeD+%23+kokki'), (u'065c1', u'S4Akokki', u'31.186.251.200:20100', u'1470757933', u'%26gt%3B%7CS4A%7C%26lt%3B+kokki')]"
156.204.235.64,,
156.205.76.215,,
182.48.197.5,,
217.63.57.119,,
156.205.163.37,,
156.205.26.146,,
156.204.174.133,,
109.133.66.202,,
86.108.125.1,0b53d,[]
45.243.91.146,,
41.237.9.138,,
94.212.243.232,429c6,[]
156.218.81.27,,
156.204.188.63,,
196.154.68.175,,
94.227.124.75,,
84.80.0.182,9cd95,"[(u'9cd95', u'S4AAbl4z', u'195.154.91.189:20100', u'1453303133', u'%26gt%3B%7CS4A%7C%26lt%3B+Abl4z'), (u'9cd95', u'S4AAbl4z', u'188.165.252.147:20700', u'1452711954', u'%26gt%3B%7CS4A%7C%26lt%3B+Abl4z'), (u'9cd95', u'S4AGreekblaz', u'188.165.252.147:20700', u'1452699170', u'%26gt%3B%7CS4A%7C%26lt%3B+Greekblaz'), (u'9cd95', u'S4AAblaz', u'188.165.252.147:20700', u'1452698817', u'%26gt%3B%7CS4A%7C%26lt%3B+Ablaz'), (u'9cd95', u'S4AAblaz', u'188.165.252.147:20700', u'1452618750', u'%26gt%3B%7CS4A%7C%26lt%3B+Ablaz')]"
156.204.169.21,,
197.32.132.100,,
41.237.21.121,,
41.232.248.140,,
94.213.253.21,8cac6,"[(u'8cac6', u'GsGraffiti', u'149.202.63.22:20103', u'1470069696', u'.Gs%7CGraffiti%2A'), (u'8cac6', u'GsGraffiti', u'185.34.216.28:20101', u'1443476764', u'.Gs%7CGraffiti%2A'), (u'8cac6', u'GsGraffiti', u'185.34.216.28:20101', u'1443476611', u'.Gs%7CGraffiti%2A'), (u'8cac6', u'GsGraffiti', u'185.34.216.28:20101', u'1443476384', u'.Gs%7CGraffiti%2A'), (u'8cac6', u'GsGraffiti', u'185.34.216.28:20101', u'1443475982', u'.Gs%7CGraffiti%2A'), (u'8cac6', u'GsGraffiti', u'213.163.68.175:20100', u'1443446448', u'.Gs%7CGraffiti%2A')]"
156.205.65.131,,
83.191.211.91,5821e,[]
156.199.38.103,,
176.103.167.162,a0fea,"[(u'a0fea', u'AccessTomo', u'31.186.250.93:20150', u'1495094590', u'%60Access+Tomo%60'), (u'a0fea', u'AccessTomo', u'31.186.250.93:20150', u'1495094092', u'%60Access+Tomo%60'), (u'a0fea', u'AccessTomo', u'31.186.250.93:20150', u'1495011236', u'%60Access+Tomo%60'), (u'a0fea', u'AccessTomo', u'79.137.85.74:20100', u'1485871718', u'%60Access+Tomo%60'), (u'a0fea', u'AccessTomo', u'79.137.85.74:20100', u'1485871564', u'%60Access+Tomo%60'), (u'a0fea', u'AccessTomo', u'79.137.85.74:20100', u'1485871401', u'%60Access+Tomo%60')]"
177.228.77.34,,
86.89.51.64,ea67c,"[(u'ea67c', u'clgmicky', u'51.254.35.64:20109', u'1491002938', u'%2Fclg+%23+micky')]"
109.240.66.142,ea920,"[(u'ea920', u'NsSJaFFa', u'78.47.64.168:20101', u'1498864199', u'%60NsS+%2F%23%2F+JaFFa'), (u'ea920', u'NsSJaFFa', u'78.47.64.168:20101', u'1498863742', u'%60NsS+%2F%23%2F+JaFFa'), (u'ea920', u'1fxJaffa', u'79.137.85.74:20105', u'1497348700', u'1fx.+%23+Jaffa'), (u'ea920', u'1fxJaffa', u'79.137.85.74:20105', u'1495545595', u'1fx.+%23+Jaffa'), (u'ea920', u'1fxJaffa', u'79.137.85.74:20105', u'1495545227', u'1fx.+%23+Jaffa'), (u'ea920', u'fStJFA', u'51.254.35.64:20111', u'1491332802', u'%7EfSt%7E+JFA%2A')]"
41.237.13.77,,
200.1.177.252,,
197.162.122.245,,
74.72.45.218,c3301,"[(u'c3301', u'wbgletsgetitmon', u'213.163.68.175:20100', u'1474508548', u'wbg+-+letsgetitmon'), (u'c3301', u'bennetop', u'188.165.252.147:20380', u'1422294870', u'bennet+op'), (u'c3301', u'FIrDAnoleko', u'188.165.252.147:20380', u'1421187370', u'%1CFIr%02----D%09Anoleko%1E'), (u'c3301', u'Kompton', u'216.158.93.133:20100', u'1399243352', u'%60Kompton%60'), (u'c3301', u'BffAbdoMota', u'213.163.68.175:20104', u'1395869330', u'.Bff%2AAbdoMota%21'), (u'c3301', u'ATThePredtor', u'96.8.119.194:20100', u'1394136400', u'AT%7CThePred%40tor.')]"
156.205.196.4,,
156.204.155.201,,
197.32.202.127,0a45f,"[(u'0a45f', u'sKAlien', u'51.255.200.51:20104', u'1499704364', u'-sK-Alien'), (u'0a45f', u'sKAlien', u'51.255.200.51:20104', u'1499703827', u'-sK-Alien'), (u'0a45f', u'Alien', u'51.255.200.51:20104', u'1498905994', u'Alien'), (u'0a45f', u'Alien', u'51.255.200.51:20104', u'1498838183', u'Alien'), (u'0a45f', u'AWAmummy', u'52.57.90.19:20100', u'1498651788', u'%7BAWA%7Dmummy'), (u'0a45f', u'AWAmummy', u'51.254.35.64:20111', u'1498650975', u'%7BAWA%7Dmummy')]"
41.237.61.53,,
156.205.62.132,,
197.164.183.117,,
156.198.175.178,,
217.229.88.203,4753e,"[(u'4753e', u'Painless', u'51.255.200.51:20104', u'1499815146', u'Painless'), (u'4753e', u'Painless', u'149.202.63.22:20104', u'1483795225', u'Painless'), (u'4753e', u'Painless', u'188.165.252.147:20240', u'1464626015', u'Painless')]"
197.167.37.130,,
156.198.245.92,,
83.31.4.128,,
148.101.216.90,,
86.88.96.219,10e48,"[(u'10e48', u'cLgfrost', u'213.163.78.139:20100', u'1496348778', u'.cLg+%23+frost'), (u'10e48', u'frost', u'31.204.136.28:20100', u'1496006283', u'frost'), (u'10e48', u'frost', u'213.163.68.175:20100', u'1476548024', u'frost')]"
77.114.74.7,,
156.205.136.189,,
41.237.17.203,,
156.204.53.58,,
197.167.23.189,d9ca0,"[(u'd9ca0', u'Sona', u'79.137.85.74:20100', u'1499673043', u'Sona'), (u'd9ca0', u'Sona', u'79.137.85.74:20100', u'1499595965', u'Sona'), (u'd9ca0', u'Sona', u'79.137.85.74:20100', u'1499593106', u'Sona'), (u'd9ca0', u'Sona', u'79.137.85.74:20100', u'1499592834', u'Sona'), (u'd9ca0', u'Sona', u'79.137.85.74:20100', u'1499592673', u'Sona'), (u'd9ca0', u'Sona', u'79.137.85.74:20100', u'1499592500', u'Sona')]"
197.133.212.64,,
62.219.237.10,,
156.205.69.35,3561b,[]
156.201.55.119,,
2.28.2.63,,
156.205.239.148,,
85.76.44.42,e822c,"[(u'e822c', u'volatileluisu', u'188.226.137.15:20101', u'1490541494', u'volatile+%23+luisu'), (u'e822c', u'volatileluisuKIPPARI', u'149.202.63.22:20106', u'1486159771', u'volatile+%23+luisu+%26lt%3BKIPPARI%26gt%3B'), (u'e822c', u'volatileluisuPERAMIES', u'149.202.63.22:20102', u'1483909359', u'volatile+%23+luisu+%26lt%3BPERAMIES%26gt%3B'), (u'e822c', u'volatileluisuPERAMIES', u'31.186.251.200:20100', u'1483740870', u'volatile+%23+luisu+%26lt%3BPERAMIES%26gt%3B'), (u'e822c', u'volatileluisu', u'31.186.251.200:20100', u'1482429351', u'volatile+%23+luisu'), (u'e822c', u'volatileluisu', u'151.236.49.106:20100', u'1480362600', u'volatile+%23+luisu')]"
156.204.224.150,,
82.217.168.104,4208c,"[(u'4208c', u'oOFreAkNOoROo', u'31.186.250.93:20150', u'1494604122', u'oOFreAkNOoR%21%13%7COo'), (u'4208c', u'oOFreAkNOoROo', u'31.186.250.93:20150', u'1494603902', u'oOFreAkNOoR%21%13%7COo'), (u'4208c', u'oOFreAkNOoR', u'31.186.250.93:20150', u'1482334664', u'oOFreAkNOoR%21%13%7C%2A%2A'), (u'4208c', u'oOFreAkNOoR', u'31.186.250.93:20150', u'1480953776', u'oOFreAkNOoR%21%13%7C%2A%2A')]"
156.204.137.90,,
45.242.91.191,,
156.205.5.63,,
156.204.8.192,,
41.237.43.56,,
62.139.99.219,,
187.143.113.35,,
94.254.20.120,,
82.73.119.194,f42a9,"[(u'f42a9', u'WBGRoelof', u'185.61.138.136:20102', u'1499185247', u'-%7CWBG%7C-+Roelof%2A'), (u'f42a9', u'demigdzRoelof', u'128.199.50.188:20100', u'1488305900', u'demig%02dz+%2F%2F+Roelof%60'), (u'f42a9', u'demigdzRoelof', u'89.36.221.87:20100', u'1486407445', u'demig%02dz+%2F%2F+Roelof%60'), (u'f42a9', u'demigdzRoelof', u'31.204.154.254:20100', u'1484320680', u'demig%02dz+%2F%2F+Roelof%60'), (u'f42a9', u'Roelof', u'95.211.38.104:20150', u'1339140237', u'%23+Roelof++%7E')]"
156.205.143.249,,
85.144.200.161,833ea,"[(u'833ea', u'cLgcornaflex', u'51.255.200.51:20104', u'1499815130', u'cLg+%23+cornaflex.'), (u'833ea', u'WBGELCHAPO', u'185.61.138.136:20102', u'1499777333', u'-%7CWBG%7C-+EL%2ACHAPO'), (u'833ea', u'cLgcornatr0n', u'213.163.78.139:20100', u'1499691396', u'.cLg+%23+cornatr0n%60'), (u'833ea', u'cLgcornatr0n', u'213.163.78.139:20100', u'1499691191', u'.cLg+%23+cornatr0n%60'), (u'833ea', u'cLgcornatr0n', u'213.163.78.139:20100', u'1499690592', u'.cLg+%23+cornatr0n%60')]"
197.32.64.51,,
78.180.132.114,,
5.43.181.152,99ea8,"[(u'99ea8', u'cscalvin', u'185.61.138.136:20100', u'1499528474', u'-%2Fcs%2F-+calvin'), (u'99ea8', u'cant', u'51.254.35.64:20109', u'1492687325', u'cant%14'), (u'99ea8', u'cant', u'51.254.35.64:20109', u'1491127009', u'cant%14'), (u'99ea8', u'NsScant', u'31.204.154.254:20100', u'1484841020', u'%60NsS+%2F%23%2F+cant%2A'), (u'99ea8', u'NsScant', u'31.204.154.254:20100', u'1484840788', u'%60NsS+%2F%23%2F+cant%2A'), (u'99ea8', u'cant', u'51.254.35.64:20111', u'1483106973', u'cant')]"
41.232.251.111,,
156.205.177.31,,
41.209.126.251,,
37.157.110.188,ebe6d,[]
58.179.37.213,,
200.125.165.47,f2f38,"[(u'f2f38', u'Happy', u'185.34.216.28:20100', u'1443647163', u'%7C%7CHappy%7C%7C')]"
41.237.20.81,,
90.16.129.169,,
197.48.232.139,ada3b,[]
189.173.102.35,,
178.117.59.184,583db,"[(u'583db', u'AsYoni', u'213.163.78.139:20100', u'1497963238', u'A%2As+Yoni'), (u'583db', u'AsYoni', u'78.47.64.168:20102', u'1497369006', u'A%2As+Yoni'), (u'583db', u'Asviking', u'79.137.85.74:20105', u'1495125129', u'A%2As+viking'), (u'583db', u'AstonedQQ', u'51.254.35.64:20109', u'1495066842', u'A%2Astoned+%3AQQ'), (u'583db', u'Aspussysogood', u'79.137.85.74:20105', u'1494593578', u'A%2As+pussy+so+good'), (u'583db', u'Ascheck', u'79.137.85.74:20105', u'1493663065', u'A%2As+check')]"
156.204.157.183,,
156.204.208.244,,
156.204.231.233,a0f45,"[(u'a0f45', u'GsCullen', u'78.47.64.168:20101', u'1499513277', u'.Gs%7CCullen'), (u'a0f45', u'GACullen', u'78.47.64.168:20104', u'1497452180', u'-G%7CA-+Cullen'), (u'a0f45', u'GACullen', u'78.47.64.168:20104', u'1497451611', u'-G%7CA-+Cullen'), (u'a0f45', u'GACullen', u'78.47.64.168:20104', u'1497451080', u'-G%7CA-+Cullen'), (u'a0f45', u'GACullen', u'78.47.64.168:20104', u'1497450746', u'-G%7CA-+Cullen'), (u'a0f45', u'GACullen', u'78.47.64.168:20104', u'1497450567', u'-G%7CA-+Cullen')]"
156.204.188.59,,
41.237.18.132,,
156.205.237.85,,
45.242.65.185,,
156.205.36.77,,
156.205.100.12,,
156.205.199.140,,
51.9.216.143,,
109.240.32.43,ea920,"[(u'ea920', u'NsSJaFFa', u'78.47.64.168:20101', u'1498864199', u'%60NsS+%2F%23%2F+JaFFa'), (u'ea920', u'NsSJaFFa', u'78.47.64.168:20101', u'1498863742', u'%60NsS+%2F%23%2F+JaFFa'), (u'ea920', u'1fxJaffa', u'79.137.85.74:20105', u'1497348700', u'1fx.+%23+Jaffa'), (u'ea920', u'1fxJaffa', u'79.137.85.74:20105', u'1495545595', u'1fx.+%23+Jaffa'), (u'ea920', u'1fxJaffa', u'79.137.85.74:20105', u'1495545227', u'1fx.+%23+Jaffa'), (u'ea920', u'fStJFA', u'51.254.35.64:20111', u'1491332802', u'%7EfSt%7E+JFA%2A')]"
156.202.160.154,,
41.47.253.122,,
156.204.129.134,,
197.167.46.21,470df,[]
217.229.84.12,4753e,"[(u'4753e', u'Painless', u'51.255.200.51:20104', u'1499815146', u'Painless'), (u'4753e', u'Painless', u'149.202.63.22:20104', u'1483795225', u'Painless'), (u'4753e', u'Painless', u'188.165.252.147:20240', u'1464626015', u'Painless')]"
197.167.31.126,,
41.45.115.45,,
178.153.65.73,1b711,[]
190.53.106.61,d4f92,[]
156.205.126.205,,
197.133.223.55,,
83.28.251.77,cbd7a,"[(u'cbd7a', u'BooMPL', u'188.165.252.147:20800', u'1434743291', u'BooM%28PL%29'), (u'cbd7a', u'BooMPL', u'188.165.252.147:20800', u'1434740830', u'BooM%28PL%29')]"
156.204.14.84,,
156.204.98.102,,
179.60.243.49,9be37,"[(u'9be37', u'sRdelVVutz', u'144.217.6.142:20102', u'1483830295', u'-%3Ds%7CR%27%2AdelVVutz%2A'), (u'9be37', u'CrackFamily', u'213.163.68.175:20100', u'1474491519', u'Crack+Family'), (u'9be37', u'CrackFamily', u'213.163.68.175:20100', u'1474491325', u'Crack+Family'), (u'9be37', u'sRGrup', u'195.154.108.83:20100', u'1451421629', u'-%3Ds%7CR%27%2AGrup%2A'), (u'9be37', u'sRGrup', u'195.154.108.83:20100', u'1451421356', u'-%3Ds%7CR%27%2AGrup%2A'), (u'9be37', u'SOF2cArdonA', u'84.44.136.201:20100', u'1450653371', u'%5BSOF2%5D+cArdonA%2A')]"
41.46.192.7,,
197.48.127.166,,
41.47.67.177,,
176.103.166.244,62eca,"[(u'62eca', u'AccessTomo', u'188.165.252.147:20380', u'1397012937', u'%60Access+Tomo%60'), (u'62eca', u'AccessTomo', u'31.204.131.79:20101', u'1394444603', u'%60Access+Tomo%60'), (u'62eca', u'AccessTomo', u'213.163.68.175:20102', u'1393994631', u'%60Access+Tomo%60'), (u'62eca', u'AccessTomo', u'31.204.131.79:20101', u'1393595482', u'%60Access+Tomo%60'), (u'62eca', u'AccessTomo', u'31.204.131.79:20101', u'1393595230', u'%60Access+Tomo%60'), (u'62eca', u'AccessTomo', u'31.204.131.79:20101', u'1392542623', u'%60Access+Tomo%60')]"
109.69.7.130,11dd0,"[(u'11dd0', u'S4AReplay', u'79.137.85.74:20105', u'1499769033', u'%26gt%3B%7CS4A%7C%26lt%3B+Replay%60'), (u'11dd0', u'S4AReplay', u'52.57.90.19:20100', u'1496673739', u'%26gt%3B%7CS4A%7C%26lt%3B+Replay%60'), (u'11dd0', u'S4AReplay', u'51.254.35.64:20102', u'1490793114', u'%26gt%3B%7CS4A%7C%26lt%3B+Replay%60'), (u'11dd0', u'S4AReplay', u'51.254.35.64:20102', u'1490792924', u'%26gt%3B%7CS4A%7C%26lt%3B+Replay%60')]"
217.55.2.84,,
145.130.173.180,ec315,[]
186.77.195.54,,
79.176.81.182,e78c1,"[(u'e78c1', u'Nikos', u'51.254.35.64:20111', u'1495920937', u'Niko%27s'), (u'e78c1', u'Nikos', u'51.254.35.64:20102', u'1493566212', u'Niko%27s'), (u'e78c1', u'Nikos', u'51.254.35.64:20102', u'1493484834', u'Niko%27s'), (u'e78c1', u'Nikos', u'51.254.35.64:20102', u'1493484441', u'Niko%27s'), (u'e78c1', u'Nikos', u'51.254.35.64:20109', u'1491868287', u'Niko%27s'), (u'e78c1', u'Nikos', u'51.254.35.64:20109', u'1491003254', u'Niko%27s')]"
81.100.252.214,85623,"[(u'85623', u'cLgringatrOn', u'213.163.78.139:20100', u'1499691946', u'.cLg+%23+ringatrOn%60'), (u'85623', u'cLgringatrOn', u'213.163.78.139:20100', u'1499691645', u'.cLg+%23+ringatrOn%60'), (u'85623', u'cLgr1ng', u'51.255.200.51:20113', u'1499624025', u'-cLg-+%27%27+r1ng'), (u'85623', u'cLgring0star', u'78.47.64.168:20105', u'1497457933', u'-cLg+%27%27+ring0star%60'), (u'85623', u'cLgr1ng', u'78.47.64.168:20102', u'1496412885', u'-cLg+%27%27+r1ng%2B'), (u'85623', u'cLgr1ng', u'213.163.78.139:20100', u'1496348582', u'-cLg-+%27%27+r1ng')]"
42.106.49.25,,
156.205.21.25,,
156.204.149.159,,
87.93.124.238,065c1,"[(u'065c1', u'HaTeDkokki', u'52.57.90.19:20100', u'1499627584', u'HaTeD+%23+kokki'), (u'065c1', u'HaTeDkokki', u'51.254.35.64:20111', u'1499535168', u'HaTeD+%23+kokki'), (u'065c1', u'HaTeDkokki', u'31.186.250.93:20150', u'1482613418', u'HaTeD+%23+kokki'), (u'065c1', u'HaTeDkokki', u'31.186.250.93:20150', u'1480954578', u'HaTeD+%23+kokki'), (u'065c1', u'S4Akokki', u'31.186.251.200:20100', u'1470757933', u'%26gt%3B%7CS4A%7C%26lt%3B+kokki')]"
156.204.84.187,,
156.204.188.140,,
156.204.179.49,4dada,"[(u'4dada', u'c2KHalleM', u'31.186.250.93:20150', u'1475833375', u'-%3D%5Dc2K%5B%3D-HalleM%60'), (u'4dada', u'c2KHalleM', u'89.34.97.158:27015', u'1473361699', u'-%3D%5Dc2K%5B%3D-HalleM%60'), (u'4dada', u'c2KHalleM', u'89.34.97.158:27015', u'1473360300', u'-%3D%5Dc2K%5B%3D-HalleM%60'), (u'4dada', u'c2KHalleM', u'89.34.97.158:27015', u'1473359381', u'-%3D%5Dc2K%5B%3D-HalleM%60'), (u'4dada', u'c2KHalleM', u'89.34.97.158:27015', u'1473357907', u'-%3D%5Dc2K%5B%3D-HalleM%60'), (u'4dada', u'c2KHalleM', u'89.34.97.158:27015', u'1473356599', u'-%3D%5Dc2K%5B%3D-HalleM%60')]"
156.205.133.8,,
41.47.82.93,,
156.199.119.96,,
47.11.3.189,0e50a,"[(u'0e50a', u'WBGmRLx', u'78.47.64.168:20101', u'1499542928', u'-%7CWBG%7C-+mRLx%2A'), (u'0e50a', u'WBGmRLx', u'78.47.64.168:20101', u'1497542106', u'-%7CWBG%7C-+mRLx%2A'), (u'0e50a', u'WBGmRLx', u'78.47.64.168:20101', u'1497541913', u'-%7CWBG%7C-+mRLx%2A'), (u'0e50a', u'WBGmRLx', u'78.47.64.168:20104', u'1497452821', u'-%7CWBG%7C-+mRLx%2A'), (u'0e50a', u'WBGmRLx', u'78.47.64.168:20101', u'1497014627', u'-%7CWBG%7C-+mRLx%2A'), (u'0e50a', u'WBGmRLx', u'78.47.64.168:20101', u'1496862136', u'-%7CWBG%7C-+mRLx%2A')]"
197.167.40.4,,
90.191.56.63,53c61,"[(u'53c61', u'Bandulu', u'51.255.200.51:20104', u'1498690735', u'%5B%2B%5D+Bandulu'), (u'53c61', u'Bandulu', u'51.255.200.51:20104', u'1498690528', u'%5B%2B%5D+Bandulu'), (u'53c61', u'Bandulu', u'52.57.90.19:20100', u'1498684766', u'%5B%2B%5D+Bandulu'), (u'53c61', u'Bandulu', u'51.255.200.51:20104', u'1497809117', u'%5B%2B%5D+Bandulu'), (u'53c61', u'Bandulu', u'51.254.35.64:20111', u'1497184292', u'%5B%2B%5D+Bandulu'), (u'53c61', u'Bandulu', u'51.254.35.64:20111', u'1496839125', u'%5B%2B%5D+Bandulu')]"
148.255.183.203,d091c,"[(u'd091c', u'NsSXmeN', u'185.61.138.136:20100', u'1499015518', u'%60NsS+%2F%23%2F+XmeN%2A'), (u'd091c', u'NsSXmeN', u'185.61.138.136:20100', u'1499015180', u'%60NsS+%2F%23%2F+XmeN%2A'), (u'd091c', u'NsSXmeN', u'79.137.85.74:20105', u'1499008650', u'%60NsS+%2F%23%2F+XmeN%2A'), (u'd091c', u'NsSXmeN', u'78.47.64.168:20102', u'1498410889', u'%60NsS+%2F%23%2F+XmeN%2A'), (u'd091c', u'NsSXmeN', u'78.47.64.168:20102', u'1498410623', u'%60NsS+%2F%23%2F+XmeN%2A'), (u'd091c', u'NsSXmeN', u'79.137.85.74:20105', u'1498256912', u'%60NsS+%2F%23%2F+XmeN%2A')]"
156.205.162.187,,
103.249.7.230,8bcdd,"[(u'8bcdd', u'WBGFROMMARS', u'185.61.138.136:20100', u'1499701625', u'-%7CWBG%7C-+FROM+MARS%21'), (u'8bcdd', u'WBGFROMINDIA', u'51.255.200.51:20104', u'1498497155', u'-%7CWBG%7C-+FROMINDIA'), (u'8bcdd', u'wbgoraonp4th', u'51.254.35.64:20111', u'1498386963', u'wbg+-+ora%21onp4th'), (u'8bcdd', u'oraonp4th', u'51.254.35.64:20111', u'1498386719', u'ora%21onp4th'), (u'8bcdd', u'AGREATSEX', u'51.254.35.64:20102', u'1494264985', u'A+GREAT+SEX'), (u'8bcdd', u'Asuah', u'37.59.160.132:20103', u'1492934880', u'Asuah%21')]"
41.237.40.79,,
156.204.143.101,,
87.65.210.198,595ee,"[(u'595ee', u'WBGFRK', u'185.61.138.136:20100', u'1499707105', u'-%7CWBG%7C-+FRK'), (u'595ee', u'FARUUK', u'79.137.85.74:20105', u'1499530758', u'FARUUK.'), (u'595ee', u'FARUUK', u'79.137.85.74:20105', u'1499529451', u'FARUUK.')]"
41.46.132.152,,
2.136.242.253,4af54,[]
197.167.97.160,84f86,"[(u'84f86', u'avenger', u'79.137.85.74:20105', u'1496585622', u'.avenger%27')]"
156.204.41.42,,
45.96.122.30,,
41.236.90.132,,
197.167.20.253,,
156.223.31.59,,
41.237.52.0,,
156.198.155.8,,
186.150.150.191,00da4,[]
196.218.133.55,9ae48,[]
41.233.191.231,5c6a1,"[(u'5c6a1', u'todo', u'51.254.35.64:20102', u'1499435558', u'todo'), (u'5c6a1', u'todo', u'51.254.35.64:20102', u'1499435226', u'todo'), (u'5c6a1', u'todo', u'51.254.35.64:20102', u'1499434925', u'todo'), (u'5c6a1', u'todo', u'51.254.35.64:20102', u'1499434669', u'todo'), (u'5c6a1', u'ToDo', u'31.204.136.28:20100', u'1497056933', u'ToDo'), (u'5c6a1', u'doraToDzA', u'79.137.85.74:20105', u'1495888672', u'dora+%7C+ToDzA')]"
156.204.77.172,2cf22,"[(u'2cf22', u'Professional', u'79.137.85.74:20100', u'1500018208', u'Professional'), (u'2cf22', u'Professional', u'79.137.85.74:20105', u'1498125367', u'Professional'), (u'2cf22', u'Professional', u'78.47.64.168:20105', u'1497914774', u'Professional'), (u'2cf22', u'Professional', u'78.47.64.168:20105', u'1497914589', u'Professional'), (u'2cf22', u'Professional', u'51.254.35.64:20111', u'1495470239', u'Professional')]"
156.205.23.70,,
156.204.145.25,,
156.205.125.203,,
156.204.215.233,,
86.84.205.241,37145,"[(u'37145', u'demohyper', u'213.163.78.139:20100', u'1499615585', u'demo.+hyper')]"
187.151.147.100,,
84.85.102.56,e3232,"[(u'e3232', u'ccPlayFair', u'81.169.239.59:20100', u'1488903038', u'%5Bcc%5D+%7CPlayFair%7C'), (u'e3232', u'ccPlayFair', u'88.159.38.110:20100', u'1453818672', u'%5Bcc%5D+%7CPlayFair%7C')]"
94.213.86.129,d5a80,"[(u'd5a80', u'Reander', u'78.47.64.168:20100', u'1494953827', u'Reander')]"
156.204.154.185,,
91.155.242.227,5da45,"[(u'5da45', u'volatileArskaCPT', u'51.255.200.51:20104', u'1498868923', u'volatile+%23+Arska+%26lt%3BCPT%26gt%3B'), (u'5da45', u'volatileArskaCPT', u'51.255.200.51:20104', u'1498866121', u'volatile+%23+Arska+%26lt%3BCPT%26gt%3B'), (u'5da45', u'volatileArskaCPT', u'31.204.131.71:20100', u'1492464428', u'volatile+%23+Arska+%26lt%3BCPT%26gt%3B'), (u'5da45', u'volatileArskaCPT', u'31.204.131.71:20100', u'1492457836', u'volatile+%23+Arska+%26lt%3BCPT%26gt%3B'), (u'5da45', u'volatileArskaCPT', u'149.202.63.22:20100', u'1485548013', u'volatile+%23+Arska+%26lt%3BCPT%26gt%3B'), (u'5da45', u'volatileArskaCPT', u'149.202.63.22:20104', u'1484595285', u'volatile+%23+Arska+%26lt%3BCPT%26gt%3B')]"
41.45.211.1,,
156.204.43.103,,
156.204.109.77,,
134.255.8.129,53802,[]
156.204.130.175,,
213.195.215.50,,
156.205.239.193,,
159.255.229.51,74d3e,"[(u'74d3e', u'HsSmAgic', u'213.163.78.139:20100', u'1495902030', u'-%7CHsS%7C-+mAgic%2B'), (u'74d3e', u'HsSmAgic', u'31.204.136.28:20100', u'1495544397', u'-%7CHsS%7C-+mAgic%2B'), (u'74d3e', u'HsSmAgic', u'31.204.136.28:20100', u'1495308138', u'-%7CHsS%7C-+mAgic%2B'), (u'74d3e', u'HsSmAgic', u'31.204.136.28:20100', u'1495306653', u'-%7CHsS%7C-+mAgic%2B'), (u'74d3e', u'HsSmAgic', u'91.198.152.92:20100', u'1494358095', u'-%7CHsS%7C-+mAgic%2B'), (u'74d3e', u'HsSmAgic', u'31.204.136.28:20100', u'1492522388', u'-%7CHsS%7C-+mAgic%2B')]"
197.48.105.154,,
156.205.33.79,,
89.152.78.225,7fb49,[]
156.205.78.0,,
31.205.23.68,2eaa2,"[(u'2eaa2', u'Asben', u'51.255.200.51:20104', u'1499815105', u'A%2As+ben'), (u'2eaa2', u'Lubi', u'79.137.85.74:20105', u'1495047030', u'%3DLubi%3D'), (u'2eaa2', u'AsBen', u'51.254.35.64:20109', u'1489957779', u'A%2As+Ben'), (u'2eaa2', u'Asben', u'128.199.50.188:20100', u'1489794749', u'A%2As+ben'), (u'2eaa2', u'AsBen', u'51.254.35.64:20102', u'1488579314', u'A%2As+Ben'), (u'2eaa2', u'asBen', u'149.202.63.22:20102', u'1484779326', u'a%2As+Ben')]"
170.51.88.53,,
197.133.74.243,,
156.204.180.17,,
80.57.88.240,635a2,"[(u'635a2', u'zymesrednuht', u'213.163.78.139:20100', u'1499547247', u'zymes.rednuht'), (u'635a2', u'zymeschris', u'213.163.78.139:20100', u'1495723642', u'zymes.chris'), (u'635a2', u'zymeschris', u'213.163.78.139:20100', u'1495723478', u'zymes.chris'), (u'635a2', u'zymesroelof', u'51.254.35.64:20102', u'1495207255', u'zymes.roelof')]"
77.169.185.161,,
109.240.73.33,ea920,"[(u'ea920', u'NsSJaFFa', u'78.47.64.168:20101', u'1498864199', u'%60NsS+%2F%23%2F+JaFFa'), (u'ea920', u'NsSJaFFa', u'78.47.64.168:20101', u'1498863742', u'%60NsS+%2F%23%2F+JaFFa'), (u'ea920', u'1fxJaffa', u'79.137.85.74:20105', u'1497348700', u'1fx.+%23+Jaffa'), (u'ea920', u'1fxJaffa', u'79.137.85.74:20105', u'1495545595', u'1fx.+%23+Jaffa'), (u'ea920', u'1fxJaffa', u'79.137.85.74:20105', u'1495545227', u'1fx.+%23+Jaffa'), (u'ea920', u'fStJFA', u'51.254.35.64:20111', u'1491332802', u'%7EfSt%7E+JFA%2A')]"
197.164.178.139,,
156.205.252.176,,
179.51.58.57,,
156.205.163.161,,
2.101.118.110,,
156.205.173.188,,
156.202.24.217,,
196.135.255.164,3a907,"[(u'3a907', u'WBGManZoO', u'78.47.64.168:20101', u'1498553984', u'%7CWBG%7C+ManZoO%2A'), (u'3a907', u'SOF2GCode', u'195.154.111.165:20101', u'1441038113', u'%5BSOF2%5D+G.Code%2A')]"
84.105.233.51,80905,"[(u'80905', u'l00natic1fx', u'79.137.85.74:20105', u'1496004846', u'l00natic+%23+1fx.'), (u'80905', u'l00natic1fx', u'79.137.85.74:20105', u'1495486757', u'l00natic+%23+1fx.'), (u'80905', u'l00natic1fx', u'213.168.123.117:20100', u'1432747243', u'l00natic+%23+1fx.'), (u'80905', u'l00natic1fx', u'213.168.123.117:20100', u'1432747010', u'l00natic+%23+1fx.'), (u'80905', u'haxoranalrapeyall', u'185.34.216.28:20120', u'1424363408', u'haxor+%23+analrapeyall'), (u'80905', u'l00natic1fx', u'188.165.252.147:20380', u'1418847170', u'l00natic+%23+1fx.')]"
109.64.41.157,,
156.205.74.124,,
156.204.187.191,,
139.216.67.169,fritz,"[(u'fritz', u'oGoFritzaMeX', u'185.61.138.136:20100', u'1499713346', u'-%3DoGo%2AFritz+-aMeX-'), (u'fritz', u'oGoFritzaMeX', u'185.61.138.136:20100', u'1499711965', u'-%3DoGo%2AFritz+-aMeX-'), (u'fritz', u'FritzaMeX', u'51.255.200.51:20117', u'1499611688', u'Fritz+-aMeX-'), (u'fritz', u'FritzaMeX', u'51.255.200.51:20104', u'1499187531', u'%5B%2B%5D+Fritz+-aMeX-'), (u'fritz', u'FritzaMeX', u'51.255.200.51:20104', u'1499186208', u'%5B%2B%5D+Fritz+-aMeX-'), (u'fritz', u'FritzaMeX', u'51.255.200.51:20104', u'1498496782', u'%5B%2B%5D+Fritz+-aMeX-')]"
41.45.236.244,,
41.68.34.35,,
156.205.160.128,,
156.198.223.61,,
156.204.234.127,,
41.237.43.169,,
86.88.34.32,92407,"[(u'92407', u'K1CKeHmeD', u'79.137.85.74:20102', u'1496661698', u'-K1CK-+eHmeD%60'), (u'92407', u'K1CKeHmeD', u'79.137.85.74:20102', u'1496661501', u'-K1CK-+eHmeD%60'), (u'92407', u'africanluCky', u'79.137.85.74:20105', u'1489876948', u'africanluCky'), (u'92407', u'GsluCky', u'86.82.78.129:20109', u'1468254287', u'.Gs%01luCky%60'), (u'92407', u'GsluCky', u'86.82.78.129:20109', u'1468253894', u'.Gs%01luCky%60'), (u'92407', u'Elturko', u'185.16.84.7:20102', u'1450824684', u'%5B%2B%5D+Elturko%2A')]"
83.179.229.119,5c811,"[(u'5c811', u'SoDbECkenbAUr2', u'51.254.35.64:20111', u'1499797806', u'%7E%2ASoD%23bECkenbAUr2%2A'), (u'5c811', u'SoDbECkenbAUr2', u'51.254.35.64:20111', u'1499797541', u'%7E%2ASoD%23bECkenbAUr2%2A'), (u'5c811', u'sodbeck2', u'51.254.35.64:20111', u'1499795618', u'sod+%23+beck2'), (u'5c811', u'sodbeck2', u'51.254.35.64:20111', u'1499795071', u'sod+%23+beck2'), (u'5c811', u'K1CKsyfyzil', u'79.137.85.74:20105', u'1491513075', u'-K1CK-+syfyzil%60'), (u'5c811', u'oldherosyfz', u'89.36.221.87:20100', u'1485357757', u'oldherosyfz')]"
80.79.228.165,,
156.204.39.154,,
156.221.77.109,,
41.47.83.12,,
190.213.46.137,162ca,"[(u'162ca', u'Cr4sh', u'51.255.200.51:20117', u'1499576117', u'%5B%2B%5D+Cr4sh%60'), (u'162ca', u'Cr4sh', u'51.255.200.51:20104', u'1499188679', u'%5B%2B%5D+Cr4sh%60'), (u'162ca', u'Cr4sh', u'79.137.85.74:20105', u'1499159459', u'%5B%2B%5D+Cr4sh%60'), (u'162ca', u'Ambot', u'51.254.35.64:20109', u'1498438106', u'%5B%2B%5DA%7Cmbot%60'), (u'162ca', u'Ambot', u'51.254.35.64:20109', u'1498404083', u'%5B%2B%5DA%7Cmbot%60'), (u'162ca', u'Ambot', u'51.254.35.64:20109', u'1498319433', u'%5B%2B%5DA%7Cmbot%60')]"
156.205.39.156,,
156.199.74.218,,
156.199.33.113,f42c1,"[(u'f42c1', u'eLmOr', u'51.254.35.64:20109', u'1499469522', u'eLmOr'), (u'f42c1', u'Omg', u'31.204.136.28:20100', u'1497271513', u'Omg%21%21%21'), (u'f42c1', u'Omg', u'213.163.78.139:20100', u'1496864049', u'Omg%21%21%21'), (u'f42c1', u'Omg', u'78.47.64.168:20102', u'1496762645', u'Omg%21%21%21'), (u'f42c1', u'Omg', u'78.47.64.168:20102', u'1496762324', u'Omg%21%21%21'), (u'f42c1', u'Omg', u'78.47.64.168:20102', u'1496761372', u'Omg%21%21%21')]"
41.232.248.225,,
109.16.58.123,1ab93,"[(u'1ab93', u'Ash', u'51.255.200.51:20104', u'1499815112', u'A%2Ash'), (u'1ab93', u'WBGflatearth', u'185.61.138.136:20102', u'1499798143', u'-%7CWBG%7C-+flatearth'), (u'1ab93', u'cGoflatearth', u'78.47.64.168:20101', u'1499694750', u'-%3DcGo%2Aflatearth'), (u'1ab93', u'cGoflatearth', u'78.47.64.168:20101', u'1499694169', u'-%3DcGo%2Aflatearth'), (u'1ab93', u'cGoflatearth', u'78.47.64.168:20101', u'1499693884', u'-%3DcGo%2Aflatearth'), (u'1ab93', u'Ashashin', u'79.137.85.74:20105', u'1491326954', u'A%2Ashashin')]"
177.228.85.204,,
141.226.165.140,002c3,[]
156.204.183.133,,
156.205.30.64,,
176.46.25.115,e3cae,"[(u'e3cae', u'yOlO', u'79.137.85.74:20100', u'1499685137', u'%24yOlO%24'), (u'e3cae', u'cLgyOlO', u'185.34.216.28:20100', u'1456831658', u'-%2FcLg+---+yOlO'), (u'e3cae', u'yOlO', u'213.163.68.175:20100', u'1454170121', u'%28%2B%29+yOlO'), (u'e3cae', u'ultiIPorche', u'213.163.68.175:20100', u'1420390256', u'ulti+I+Por%24che'), (u'e3cae', u'ultiIPorche', u'213.163.68.175:20100', u'1420389990', u'ulti+I+Por%24che'), (u'e3cae', u'Olympu', u'37.187.43.5:20100', u'1419165531', u'Olympu%24')]"
